"whichScene","hierarchy","duration","place","time","location","start_time","end_time","vid_duration","howManyShots","arousal_mean","number_people","duration_ratio","start_time_buffer","end_time_buffer","vid_duration_buffer","frame_position","Jumps","characterChanges","start_seconds","end_seconds","speech","word_count","bright_mean","bright_sd","normdiff"
92,"Scene",4,"PURPLE HEART (BROADCAST)","DAY","INT","00:55:28:21","00:55:34:20",149,3,"0.36",2,"12.41666667","00:55:29:00","00:55:34:16",141,83225,NA,0,3329,3334.64,"laughing hum Donnerwetter",3,54.4166666666667,14.1060646746731,0.314394
52,"Scene",4,"COLLEGE GRADUATION","DAY","EXT","00:27:14:06","00:27:41:07",676,4,"-0.056666667",3,"56.33333333","00:27:14:10","00:27:41:03",668,40860,-42365,1,1634.4,1661.12,"Forrest Gump Wer hätte das gedacht? Da hab ich nur 5 Jahre Football gespielt und kriege einen College Abschluss. Ich gratuliere Ihnen. Mein Sohn Mama war so stolz. Na, komm! Gib mir das bitte, ja? Haben Sie schon über ihre Zukunft nachgedacht? Gedanken? Hallo Ich bin Forrest.",47,57.7083333333333,11.1685604454756,0.425505
164,"Scene",4,"GUMP HOUSE","DAY","EXT","01:34:22:21","01:34:49:15",669,2,"-0.56",1,"55.75","01:34:23:00","01:34:49:11",661,141575,100715,0,5663,5689.44,"Wovor laufen sie denn weg? Ich lauf doch gar nich.",10,50.7291666666667,8.23135519421519,0.363636454545455
7,"Scene",4,"PRINCIPALS OFFICE","DAY","INT","00:07:14:13","00:07:27:20",332,3,"-0.89",1,"27.66666667","00:07:14:17","00:07:27:16",324,10867,-130708,0,434.68,447.64,"...anders. Misses Gump Sein Intelligenzquotient beträgt 75. Nun ja Kein Mensch ist wie der andere. Mr. Hancock huuuh",18,56.1875,2.95443618679067,0.126262727272727
61,"Scene",4,"BARRACKS","NIGHT","INT","00:31:11:24","00:31:55:24",1100,4,"-0.213333333",3,"91.66666667","00:31:12:03","00:31:55:20",1092,46803,35936,1,1872.12,1915.8,"Die Nächte in der Army, sind sehr, sehr einsam. Wir lagen in unseren Feldbetten. Hey, Gump Sie wurde jedenfalls vom College geworfen. My baby does the hanky-panky.",27,36.6458333333333,9.18896221099812,0.390151545454545
27,"Scene",4,"ALLEY","DAY","EXT","00:16:31:06","00:16:48:24",443,2,"0.555",2,"36.91666667","00:16:31:10","00:16:48:20",435,24785,-22018,0,991.4,1008.8,"Er haut ab. So ein Mist",6,89.2083333333333,11.3951910377965,0.374999818181818
184,"Scene",4,"GUMP HOUSE","DAY","INT","01:42:14:22","01:42:33:22",475,2,"-0.33",1,"39.58333333","01:42:15:01","01:42:33:18",467,153376,128591,0,6135.04,6153.72,"Und dann... Fünf oder sechs Schüsse wurden von dem Attentäter abgefeuert. Der Präsident wurde in die Brust getroffen. Ich hab die Post geholt. Und dann, eines Tages, aus heiterem Himmel bekam ich von Jenny einen Brief.",36,80.5625,15.5165326052862,0.410353454545455
138,"Scene",4,"BAYOU LA BATRE / ON THE BOAT","DAY","EXT","01:24:50:06","01:24:59:21",240,3,"0.335",2,"20","01:24:50:10","01:24:59:17",232,127260,-26116,0,5090.4,5099.68,"Und da die Leute ja immernoch Shrimps für Cocktails und Barbecues und sowas brauchten... ",14,80.2708333333333,13.2225093604761,0.422979727272727
24,"Scene",4,"SAVANNAH","DAY","EXT","00:14:46:03","00:14:59:20",342,2,"-0.725",1,"28.5","00:14:46:07","00:14:59:16",334,22157,-105103,0,886.28,899.64," Meine Mama sagte immer: Wunder passieren an jedem Tag.",10,65.2083333333333,7.04759253973019,0.0972223636363636
6,"Scene",4,"GUMP HOUSE","DAY","EXT","00:06:25:17","00:07:14:13",1221,3,"-0.6675",2,"101.75","00:06:25:21","00:07:14:09",1213,9646,-12511,0,385.84,434.36,"Wir wohnten in der Nähe von der Straße Nummer 17. Es gab nur Mama und mich und wir hatten eine Menge leere Zimmer. Mama war eine richtig schlaue Lady. Forrest! Du bist nicht anders als die anderen. Du bist genau so wie alle anderen Menschen auch. Du bist nicht anders als die anderen.",53,66.4166666666667,12.1516615649004,0.470959545454545
97,"Scene",4,"FLASHBACK HIGHWAY","DAY","EXT","01:02:32:07","01:02:36:23",116,2,"-0.56",1,"9.666666667","01:02:32:11","01:02:36:19",108,93811,84165,0,3752.44,3756.76," ###lyrics### ",2,78.7083333333333,9.84587669427095,0.210858636363636
185,"Scene",4,"SAVANNAH","DAY","EXT","01:42:33:22","01:43:20:08",1161,2,"-0.0575",2,"96.75","01:42:34:01","01:43:20:04",1153,153851,60040,0,6154.04,6200.16," ehhmhmhm Sie hat mich im Fernsehen gesehen, Laufen. Sie meint, ich... ...ich soll den neuner Bus nehmen zur Richmond Street. Austeigen und einen Block weitergehen nach links zur Henry Street 1-9-4-7 Apartment 4 Naja Da brauchen sie doch nicht in den Bus zu steigen. Die Henrystreet ist nur 5 oder 6 Blocks weiter. Einfach da runter Einfach da runter Einfach da runter Vielen Dank für die Unterhaltung ",68,73.5208333333333,9.32583065599212,0.261363727272727
103,"Scene",4,"PING PONG TOURNAMENT IN CHINA","DAY","INT","01:05:41:16","01:05:58:06",415,4,"-0.78",1,"34.58333333","01:05:41:20","01:05:58:02",407,98545,-55306,0,3941.8,3958.08," ...der Weltfrieden läge in unseren Händen. Tz, dabei hab ich doch nur Ping Pong gespielt. Als ich wieder nach Haus kam,... ",22,63.6458333333333,28.6807383759184,0.185606272727273
40,"Scene",4,"GIRL'S DORM","NIGHT","EXT","00:21:32:17","00:23:04:23",2306,11,"0.391666667",3,"192.1666667","00:21:32:21","00:23:04:19",2298,32321,-66224,1,1292.84,1384.76,"“I Don't Know Why” ###lyrics### auuuh Das tut weh. uuäh Forrest uuuhm Forrest Forrest Hör auf! Was machst du denn da? Aber er hat dir weh getan. Nein, hat er nicht Geh da rüber! Wer ist das? Wer verdammt noch mal…? Fass mich nicht an! Nicht Du sollst mich nicht anfassen. Du kannst doch jetzt nicht... Billy Warte doch! Er weiß es doch nicht besser. Forrest Warum hast du das gemacht? Ich hab Pralinen für dich. Es tut mir so Leid. Ich geh jetzt wieder in mein College. Forrest Sieh dich doch an! Komm mit! Komm!",96,19.4583333333333,4.32071297427411,0.462121181818182
47,"Scene",4,"WHITE HOUSE (BROADCAST)","DAY","INT","00:26:20:04","00:26:39:08",479,3,"-0.275",2,"39.91666667","00:26:20:08","00:26:39:04",471,39508,7187,0,1580.32,1599.16," Ich gratuliere. Was ist das für ein Gefühl ein All-American zu sein? Ich gratuliere. Wie fühlen Sie sich denn? I, ich... äh ...muss mal pinkeln. heh",27,76.8125,6.19578760860224,0.395202090909091
189,"Scene",4,"GUMP HOUSE","DAY","INT","01:50:13:20","01:50:58:23",1128,5,"-0.333333333",2,"94","01:50:13:24","01:50:58:19",1120,165349,125841,0,6613.96,6658.76,"Hey Hey Du, Forrest Hattest du Angst in Vietnam? Ja Ich meine, ich... ...ich weiß es nicht.",17,85.8541666666667,16.2345935124706,0.338384
72,"Scene",4,"VIETNAM FIELD","DAY","EXT","00:40:21:08","00:41:28:18",1685,14,"0.0125",3,"140.4166667","00:40:21:12","00:41:28:14",1677,60537,-104812,0,2421.48,2488.56,"Viel versteh ich ja nicht davon, aber ich glaube, in dem Krieg da dienten manche, das waren die Besten jungen Amerikaner. Das war Dallas aus Phoenix. Und Cleveland... Hey, Tex Tex Verdammt nochmal, was ist denn da los? Und Tex war... Achje Ach, nichts Viertes Platoon auf die Füße Wir hams nicht mehr weit bis zum Fluss. Vorwärts, Marsch Ok, dann wollen wir mal wieder. #pass du selber auf# #bißchen mehr Tempo# Gump Kontrollier das Loch! Und es gab auch immer irgendwas zu tun. Vorwärts, Männer Los, gebt Feuerschutz!",89,77.1666666666667,22.9476512299123,0.463383727272727
121,"Scene",4,"BUBBA'S GRAVE","DAY","EXT","01:16:44:22","01:17:09:06",609,2,"-0.22",1,"50.75","01:16:45:01","01:17:09:02",601,115126,54589,0,4605.04,4629.08,"Als ich in China war in der Ping Pong Nationalmannschaft, da habe ich am liebsten nur mit meinem Flex-O-Light PingPong Schläger Ping Pong gespielt. chhhhhh Na, jedenfalls habe ich... ",29,105.0625,25.8345093818327,0.064394
99,"Scene",4,"HOLLYWOOD","DAY","EXT","01:02:44:04","01:02:57:23",344,4,"-0.29375",2,"28.66666667","01:02:44:08","01:02:57:19",336,94108,-21018,2,3764.32,3777.76," Hey Will einer mit nach San Francisco? Ja, ich Wahnsinn ###lyrics### ",12,55.7916666666667,12.7376648590158,0.353535181818182
122,"Scene",4,"BAYOU LA BATRE / ON THE BOAT","DAY","EXT","01:17:09:06","01:17:39:02",746,2,"-0.89",1,"62.16666667","01:17:09:10","01:17:38:23",738,115735,21627,0,4629.4,4658.92," Shrimpsfischen ist sehr, sehr schwer. ",6,107.895833333333,14.3924136950581,0.422979818181818
153,"Scene",4,"GUMP HOUSE","DAY","EXT","01:29:09:10","01:30:30:05",2020,13,"-0.036666667",2,"168.3333333","01:29:09:14","01:30:30:01",2012,133739,18004,0,5349.56,5430.04,"Und dann... Hallo, Forrest Hallo, Jenny Jenny war wieder da. Und sie blieb bei mir.",15,90.9166666666667,17.0528367852461,0.434343363636364
9,"Scene",4,"PRINCIPALS OFFICE","DAY","INT","00:07:42:12","00:08:20:05",943,6,"-0.295",3,"78.58333333","00:07:42:16","00:08:20:01",935,11566,-122173,2,462.64,500.04," ...genau hier. Vorschrift für den Besuch eine staatlichen Schule ist ein Intelligenzquotient von mindestens 80. Misses Gump Ihr Sohn muss auf eine Sonderschule gehen. Was hat normal schon zu bedeuten? hach Er mag ja vielleicht... äh ...ein bisschen langsam sein. Es geht um fünf winzige Punkte unter dem Durchschnitt. Da wird sich doch eine Möglichkeit finden lassen?",58,58.5208333333333,14.2965580462466,0.276515181818182
2,"Scene",4,"DOCTORS OFFICE","DAY","INT","00:04:32:06","00:05:12:00",994,3,"0.296666667",2,"82.83333333","00:04:32:10","00:05:11:21",986,6810,-4756,0,272.4,311.84,"Ok, Forrest Kannst deine Augen wieder aufmachen. So und jetzt gehen wir mal ein bisschen. Wie fühlen sie sich an? Er hat kräftige Beine. Misses Gump huuuh Wir werden schon einen aufrechten Kerl aus ihm machen. Was, Forrest?",38,82.8541666666667,10.9474251504289,0.411616181818182
105,"Scene",4,"TV SHOW","DAY","INT","01:06:03:02","01:07:00:20",1443,8,"-0.257",3,"120.25","01:06:03:06","01:07:00:16",1435,99081,92271,3,3963.24,4020.64,"Hier ist er. Mr. Gump Setzen sie sich! mhmhmhm Forrest Gump John Lennon Willkommen in der Heimat. Muss ja ne tolle Reise gewesen sein. Können sie uns... mhmhmhmhm eh In dem Land China... ...da, da haben die Leute so gut wie gar nichts. Und ich China... ...da gehen sie nie in die Kirche. Also auch keine Religion Das ist ja kaum zu glauben. Dick Ein Paar Jahre später,... ...da war der nette, Junge Mann aus England auf dem weg nach Hause. Er wollte zu seinem kleinen Sohn und als er ein paar Autogramme gab,... ...hat ihn jemand erschossen,... ",98,57.3333333333333,9.20618204679811,0.441919090909091
152,"Scene",4,"GUMP HOUSE / BALCONY","NIGHT","EXT","01:28:27:11","01:29:09:10",1049,3,"-0.835",1,"87.41666667","01:28:27:15","01:29:09:06",1041,132690,33609,0,5307.6,5349.24,"Aber nachts... ",2,41.0833333333333,10.5077532702228,0.401515090909091
140,"Scene",4,"BAYOU LA BATRE / ON THE BOAT","DAY","EXT","01:26:06:23","01:26:48:02",1029,9,"-0.5475",2,"85.75","01:26:07:02","01:26:47:23",1021,129177,-3513,2,5167.08,5207.92,"Forrest mhm erghh Er hat es nie so direkt gesagt... ",10,115.5,28.3619062700787,0.329545545454545
26,"Scene",4,"SAVANNAH","DAY","EXT","00:16:20:00","00:16:31:06",281,3,"0.67",1,"23.41666667","00:16:20:04","00:16:31:02",273,24504,-104673,0,980.16,991.08," Von dem Tag an... ",5,68.4583333333333,4.6647046741428,0.119949727272727
137,"Scene",4,"GUMP HOUSE","DAY","INT","01:24:34:08","01:24:50:06",398,3,"0.371666667",2,"33.16666667","01:24:34:12","01:24:50:02",390,126862,102358,1,5074.48,5090.08,"Zurückgeblieben ist überall nur Zerstörung. Louise ",6,52.2916666666667,8.93463214212827,0.284090909090909
34,"Scene",4,"ALLEY","DAY","EXT","00:19:04:09","00:19:31:15",681,14,"0.685208333",3,"56.75","00:19:04:13","00:19:31:11",673,28613,-98249,5,1144.52,1171.44,"Hey, Blödmann Verzieh dich! Hey, Blödmann Hast du nicht gehört? Blödmann Lauf! Na, los, dann zeigs uns! Ahahahaaaahahaha ",18,68.8333333333333,13.1011507706442,0.462121272727273
118,"Scene",4,"BAYOU LA BATRE / BUBBA'S HOME","DAY","EXT","01:15:44:13","01:16:03:15",477,4,"-0.615",1,"39.75","01:15:44:17","01:16:03:11",469,113617,85004,0,4544.68,4563.44,"Ich bin nicht lange zu Hause geblieben. Ich hatte Bubba ja etwas versprochen und ich bemühe mich immer meine Versprechen zu halten. Ich bin nach Bayou la Batre gefahren, zu Bubbas Familie, um ihnen zu sagen, was ich vorhabe. Sind sie ein Idiot? Oder sind sie einfach nur dumm? Mrs Blue Das kann sein. ",54,93.5625,11.5459187004051,0.422979818181818
128,"Scene",4,"APARTMENT / BALCONY","NIGHT","EXT","01:19:02:12","01:20:00:20",1458,10,"0.67",1,"121.5","01:19:02:16","01:20:00:16",1450,118566,4949,0,4742.64,4800.64,"eeeeehaaaaaa ",1,20.0833333333333,12.9124382130588,0.390151545454545
187,"Scene",4,"PARK","DAY","EXT","01:46:58:06","01:47:54:06",1400,4,"-0.575",2,"116.6666667","01:46:58:10","01:47:54:02",1392,160460,41894,2,6418.4,6474.08,"Forrest ### Ich bin krank. Was ist? Hast du Husten? Bist du erkältet? ### Ich hab so eine Art Virus. Und die Ärzte wissen... ....wissen nicht, was es ist. Sie können nichts dagegen tun. Es gibt nichts. iiiiiiiigh Dann komm doch mit mir nach Haus! Jenny Du und... ...der kleine Forrest Ihr kommt mit in... ...in mein Haus in Greenbow. Wenn du krank bist, kann ich für dich Sorgen. Würdest du mich heiraten? Forrest Okay ",75,84.5,21.1633259114999,0.292929272727273
163,"Scene",4,"GUMP HOUSE","NIGHT","EXT","01:33:29:06","01:34:22:21",1340,3,"-0.2075",2,"111.6666667","01:33:29:10","01:34:22:17",1332,140235,-20225,1,5609.4,5662.68,"Jenny Forrest Ich liebe dich doch.",6,28.1666666666667,7.31307463424657,0.368686818181818
106,"Scene",4,"OUTSIDE THE TV STUDIO","DAY","EXT","01:07:00:20","01:07:58:15",1445,15,"0.675",2,"120.4166667","01:07:00:24","01:07:58:11",1437,100524,-39711,3,4020.96,4078.44,"Und dir haben sie tatsächlich die Tapferkeitsmedallie verliehen. Das ist doch Lt. Dan. Lt. Dan Und dir haben sie die Tapferkeitsmedallie verliehen. Dir haben sie sie gegeben. Du bist ein Schwachkopf. Du bist ein Idiot. Du trittst im Fernsehen auf und machst dich da zum Narren von den Augen der gesamten verdammten Nation. Und dir geben sie die Tapferkeitsmedallie. Ja, Sir Na, also Dann ist ja alles bestens. Ich kann dazu nur eines sagen: Gottverdammtes Amerika ohhh ahhhh oh, scheiße Lt. Dan ",82,68.875,7.09072697901344,0.388888909090909
11,"Scene",4,"PRINCIPALS OFFICE","DAY","INT","00:08:27:18","00:08:36:23",230,2,"-0.445",2,"19.16666667","00:08:27:22","00:08:36:19",222,12697,-87827,0,507.88,516.76,"Gibt's einen Mister Gump? Misses Gump Er macht Ferien.",9,73.875,22.8444592446794,0.0656567272727273
22,"Scene",4,"TREE ON A FIELD","DAY","EXT","00:14:07:09","00:14:25:06",447,4,"-0.29",2,"37.25","00:14:07:13","00:14:25:02",439,21188,8491,1,847.52,865.08," Du kannst das auch. ...ein gutes... Kleines... Äffchen... Sie hat mir beim Lesenlernen geholfen. ",15,87.4375,31.3153181003686,0.348484909090909
70,"Scene",4,"VIETNAM RICE FIELD","DAY","EXT","00:39:19:18","00:39:35:13",395,2,"-0.22",1,"32.91666667","00:39:19:22","00:39:35:09",387,58997,37809,0,2359.88,2375.36,"Ich hab sehr viel von der Gegend da zu sehen gekriegt. Wir haben immer ganz ganz lange Wanderungen gemacht.",19,90.3333333333333,10.7863198992843,0.268939454545455
191,"Scene",4,"GUMP HOUSE","DAY","INT","01:51:10:14","01:51:16:11",147,2,"-0.6975",2,"12.25","01:51:10:18","01:51:16:07",139,166768,107771,1,6670.72,6676.28,"Es war so, als wenn die Sonne schlafen geht. Unten am Fluss.",12,105.9375,14.5403533313328,0.0505051818181818
131,"Scene",4,"BAYOU LA BATRE / ON THE BOAT","DAY","EXT","01:21:57:03","01:22:53:18",1415,5,"-0.305",2,"117.9166667","01:21:57:07","01:22:53:14",1407,122932,-43836,1,4917.28,4973.56,"""Mr President (Have Pity On The Working Man)"" Ich hab das Gefühl,... ...wenn wir nach Osten fahren,... Fahr nach links! Wolang? Darüber! Darüber! Da! Hey Geh ans Steuerrad und fahr nach links! ooooooooookkkkaaaaaaaayyyyyyyyyy nein, links, links Da drüben haha Da finden wir unsere Shrimps. huu Wieder keine Shrimps Lt. Dan Okay, hab ich mich eben geirrt. hach Wie sollen wir denn nur welche finden? Na, vielleicht solltest du um die Shrimps beten? ###lyrics### ",73,104.9375,22.9518084551879,0.422979909090909
165,"Scene",4,"GUMP HOUSE","DAY","INT","01:34:49:15","01:35:37:05",1190,4,"-0.78",1,"99.16666667","01:34:49:19","01:35:37:01",1182,142244,19312,0,5689.76,5737.04,"",0,49,18.0790561901686,0.439393818181818
19,"Scene",4,"SCHOOL BUS","DAY","INT","00:12:32:07","00:12:58:14",657,8,"-0.546666667",3,"54.75","00:12:32:11","00:12:58:10",649,18811,-123433,4,752.44,778.4,"Hier sitzt schon einer. Hier auch Hier kannst du auch nicht sitzen. Komisch Was man noch aus seiner Kinderzeit weiß. ...weil,... ",21,58.5833333333333,13.7503443483052,0.440656454545455
16,"Scene",4,"GREENBOW ALABAMA","NIGHT","EXT","00:11:09:15","00:11:42:15",825,6,"0.311",3,"68.75","00:11:09:19","00:11:42:11",817,16744,-2067,2,669.76,702.44,"Und jetzt stellen sie sich mal vor... Das ist nichts für kleine Kinder. Ein paar Jahre später, da hatte der gutaussehende junge Mann, den sie alle den 'King' nannten... ",29,36.2291666666667,4.48033370983849,0.351010090909091
182,"Scene",4,"TRUCK STOP","DAY","EXT","01:40:15:15","01:40:45:21",756,3,"0.148333333",2,"63","01:40:15:19","01:40:45:17",748,150394,133650,1,6015.76,6045.68," Hier, hier, das können sie benutzen. Die Farbe kann sowieso niemand ausstehen. Immer nur lächeln Der hat eine Menge Geld damit verdient.",23,72.6458333333333,13.414484341618,0.417929272727273
171,"Scene",4,"SAVANNAH","DAY","EXT","01:37:21:20","01:37:33:19",299,3,"-0.33",1,"24.91666667","01:37:21:24","01:37:33:15",291,146049,-4345,0,5841.96,5853.6,"Sie wissen schon dann ging ich. Also Sie sind die ganze Zeit gelaufen? Ja",14,72.9791666666667,4.32810363330247,0.126262636363636
119,"Scene",4,"BUBBA'S GRAVE","DAY","EXT","01:16:03:15","01:16:28:20",630,3,"-0.725",1,"52.5","01:16:03:19","01:16:28:16",622,114094,-31955,0,4563.76,4588.64,"Natürlich habe ich auch Bubba selbst meine Ehre erwiesen. Hey Bubba Ich bins. Forrest Gump Und ich hab alles genau ausgerechnet. Ich nehme jetzt die... ",25,113.645833333333,24.2446006953876,0.174242545454545
132,"Scene",4,"CHURCH","DAY","INT","01:22:53:18","01:23:09:08",390,2,"-0.1975",3,"32.5","01:22:53:22","01:23:09:04",382,124347,10253,0,4973.88,4989.16,"Also bin ich jeden Sonntag in die Kirche gegangen. Manchmal ist Lt. Dan auch mitgegangen, aber das Beten, hat er, glaub ich, mir überlassen. ",24,66.5208333333333,15.6283026812565,0.367424090909091
199,"Scene",4,"JENNY'S GRAVE","DAY","EXT","01:52:40:02","01:52:58:10",458,3,"-0.615",1,"38.16666667","01:52:40:06","01:52:58:06",450,169006,44659,0,6760.24,6778.24," Der Tod gehört nun mal zum Leben dazu. Der kleine Forrest,... Er macht sich prächtig.",16,105.895833333333,30.3662226999113,0.154040454545455
116,"Scene",4,"GYMNASIUM","DAY","INT","01:13:51:15","01:14:48:03",1413,2,"-0.22",2,"117.75","01:13:51:19","01:14:47:24",1405,110794,-58212,0,4431.76,4487.96,"Und daher werde ich morgen Mittag um 12 Uhr als Präsident zurücktreten. Vizepräsident Ford wird zum selben Zeitpunkt hier in diesem Büro las neuer Präsident vereidigt. hoch gesteckten Ziele von Amerika Private Gump Ja, Sir Stehen sie bequem. Ich habe ihre Entlassungspapiere. Und da war meine Dienstzeit in der Armee der Vereinigten Staaten vorbei. Einfach so Also ging ich nach Haus. ",61,69.8125,14.6039086455398,0.405303
25,"Scene",4,"ALLEY","DAY","EXT","00:14:59:20","00:16:20:00",2005,31,"0.364761905",3,"167.0833333","00:14:59:24","00:16:19:21",1997,22499,-88295,4,899.96,979.84,"Hey, Blödmann Bist du zurückgeblieben oder einfach nur blöd? Nein, ich bin Forrest Gump. Auf die Räder Macht schnell! Los gehts! Wir kriegen ihn schon. Den greifen wir uns. Wir kriegen dich schon. ",33,75.875,16.012246733502,0.474747454545455
123,"Scene",4,"BAYOU LA BATRE","DAY","EXT","01:17:39:02","01:18:09:06",754,2,"-0.22",3,"62.83333333","01:17:39:06","01:18:09:02",746,116481,93982,0,4659.24,4689.08,"Ich hab nur fünf gefangen. Noch zwei dazu und es reicht für'n Cocktail. ehahahahehehechh Hey, was ist denn mit 'nem Namen für das alte Boot? Ich hab noch nie im Leben ein Boot getauft und mir ist auch nur ein einziger Name eingefallen. ###Oh, do a little dance, make a little love### “Free Bird” ",54,104.104166666667,20.9790096214519,0.371212090909091
83,"Scene",4,"SAVANNAH","DAY","EXT","00:50:59:23","00:51:34:01",853,2,"-0.445",2,"71.08333333","00:51:00:02","00:51:33:22",845,76502,-39979,0,3060.08,3093.88," Es war eine Kugel, hab ich recht? Eine Kugel Na, was sie angesprungen und gebissen hat. ooooh Ja, Sir Hat mich direkt in den Allerwertesten gebissen. Aber die Army hat das Geld wohl behalten, ich hab nie einen Cent davon gesehen. ",42,84.3125,5.75160550708156,0.277777727272727
84,"Scene",4,"MILITARY HOSPITAL","DAY","INT","00:51:34:01","00:52:51:09",1933,5,"-0.657",2,"161.0833333","00:51:34:05","00:52:51:05",1925,77355,853,2,3094.2,3171.2," Und soll ich ihnen mal was sagen? Im Bett nebenan lag ein guter Freund von mir. Lt. Dan Ich hab ein Eis. Hier Bitte Lt. Dan, ein Eis Bitte arrghh Zeit für ihr Bad Lieutenant Harper Cooper Larson Webster Gump Gump Ich bin Forrest Gump. Kyle Johnson ",48,98.2708333333333,16.6520058624306,0.353535272727273
197,"Scene",4,"JENNY'S GRAVE","DAY","EXT","01:52:19:09","01:52:34:21",387,2,"-0.33",1,"32.25","01:52:19:13","01:52:34:17",379,168488,91133,0,6739.52,6754.68,"Und ich hab dich hier.... ...unter unserem Baum begraben lassen. Und ich habe das... ...Haus von deinem Vater mit dem Bulldozer einreißen lassen.",23,107.5,19.80472854465,0.078283
91,"Scene",4,"BARBERSHOP","DAY","INT","00:55:23:18","00:55:28:21",128,2,"-0.39",1,"10.66666667","00:55:23:22","00:55:28:17",120,83097,-85391,0,3323.88,3328.68,"huuaaaah ooooaaah hehehe",3,56.9791666666667,7.02791377079265,0.290404
181,"Scene",12,"CITY STREET","DAY","EXT","01:39:40:09","01:40:15:15",881,2,"0.22",1,"24.47222222","01:39:40:13","01:40:15:11",873,149513,NA,0,5980.52,6015.44," Hey, Mann Ich mach Autoaufkleber, weißt du? Und mir fehlt 'n guter neuer Slogan. Und wo du doch so 'ne super Inspiration für die Menschen hier bist, dachte ich, dir fällt vielleicht was gutes ein für, whoa, Mann, du bist gerade durch nen riesen Haufen Hundescheisse gelaufen. Das passiert. Was, Scheisse Manchmal Er hat ne Menge Geld damit verdient. ###???###",61,67.0208333333333,8.47061622821588,0.327380942857143
23,"Scene",12,"TREE ON A FIELD","NIGHT","EXT","00:14:25:06","00:14:46:03",522,2,"-0.595",2,"14.5","00:14:25:10","00:14:45:24",514,21635,-127878,1,865.4,885.96,"Und manchmal saßen wir einfach nur so da und warteten auf die Sterne. Mama macht sich bestimmt Sorgen um mich. Bleib doch noch ein bisschen länger! Aus irgendeinem Grund wollte Jenny nie nach Hause gehen. Ok, Jenny Ich bleibe. Sie war meine aller beste Freundin.",45,51.3472222222222,15.4267020104958,0.296825371428571
166,"Scene",12,"GUMP HOUSE PORCH","DAY","EXT","01:35:37:05","01:36:26:03",1223,4,"-0.195",1,"33.97222222","01:35:37:09","01:36:25:24",1215,143434,121799,0,5737.36,5785.96,"An dem Tag,... Ich lief bis zum Ende der Straße und als ich da ankam dachte ich: Vielleicht kann ich auch bis zum Ende der Stadt laufen.",27,94.3888888888889,17.5558745199073,0.2619048
117,"Scene",12,"GUMP HOUSE","DAY","INT","01:14:48:03","01:15:44:13",1410,3,"0.247777778",3,"39.16666667","01:14:48:07","01:15:44:09",1402,112207,-31227,1,4488.28,4544.36,"haaaa heeee Da bin ich wieder. Mama Ich weiß. Ich weiß. Louise, er ist da! Er ist da! Kommt alle. Hier sind alle möglichen Leute gewesen. Forrest uhm äh Hi, Miss Louise. Hi, Forrest. Das weiß ich. Das weiß ich. Aber es sind 25.000 Dollar. Forrest Vielleicht kannst du ihn ja mal ausprobieren. Vielleicht gewöhnst du dich dran. ",58,74.4097222222222,22.9553256175195,0.299603228571429
104,"Scene",12,"SAVANNAH","DAY","EXT","01:05:58:06","01:06:03:02",121,2,"-0.56",1,"3.361111111","01:05:58:10","01:06:02:23",113,98960,-13247,0,3958.4,3962.92,"Ich war sogar noch berühmter als Pinoccio. ",7,66.5138888888889,10.9676381824706,0.0503969714285714
38,"Scene",12,"FOOTBALL FIELD","DAY","EXT","00:20:01:19","00:20:41:00",981,10,"0.1155",4,"27.25","00:20:01:23","00:20:40:21",973,30048,-68912,2,1201.92,1240.84,"Hahahahaha whoohooo ieeeaaahahahahahahahahaha Na, also bwuaaaah Großer Gott Wer ist das? Das ist Forrest Gump. Coach hehehehe Und ob sies glauben oder nicht... Ich bin dann auch noch aufs College gekommen.",31,91.5763888888889,17.0270603373031,0.298015857142857
85,"Scene",12,"MILITARY HOSPITAL","DAY","INT","00:52:51:09","00:54:11:24",2015,4,"-0.615",2,"55.97222222","00:52:51:13","00:54:11:20",2007,79288,49240,0,3171.52,3251.8," Gump Wieso guckst du dir nur diese blöde Scheisse an? Dreh das ab! au “What the World Needs Now Is Love” Hey, Gump Na, komm, dann zeig ichs dir, ok? Also das wichtigste an dem Spiel ist, ... ...ganz egal, was passiert, ...aber du darfst nie den Ball aus dem Auge verlieren. Na, dann Aus irgendeinem Grund war ich wohl ein Naturtalent beim Ping Pong. Siehst du? Jeder Idiot kann das spielen. Jedenfalls spielte ichs von da an dauernd. Sogar Lt. Dan kam und hat mir beim Spielen zugesehen.",90,59.7986111111111,12.9637984188449,0.347619057142857
90,"Scene",12,"PURPLE HEART (BROADCAST)","DAY","INT","00:55:05:23","00:55:23:18",445,5,"-0.391666667",3,"12.36111111","00:55:06:02","00:55:23:14",437,82652,3364,1,3306.08,3323.56," ööh Wo wurden sie getroffen? In den Allerwertesten Sir Na, das muss ja ein Anblick sein. Das möcht' ich gerne sehen.",22,57.8888888888889,8.3262589019071,0.185317485714286
71,"Scene",12,"VIETNAM ROAD","DAY","EXT","00:39:35:13","00:40:21:08",1145,5,"-0.05625",2,"31.80555556","00:39:35:17","00:40:21:04",1137,59392,-23260,1,2375.68,2421.16,"Und wir waren dauernd auf der Suche nach einem gewissen Charlie. Stehen bleiben! Es hat nicht immer Spaß gemacht. Lt. Dan hatte dann öfter mal so komische Vorahnungen gehabt wegen einem Stein oder einem Weg In Deckung Schnautze halten Und das haben wir gemacht.",44,75,11.5915609697006,0.285317514285714
15,"Scene",12,"GUMP HOUSE","DAY","INT","00:09:54:22","00:11:09:15",1868,8,"-0.394761905",3,"51.88888889","00:09:55:01","00:11:09:11",1860,14876,-44516,4,595.04,669.44,"Es gibt Abendessen. Meine Güte, das sieht aber lecker aus. Forrest Überlegen Sie mal! Fangen sie ruhig schon an, Guten Apptetit. Aus Reisekoffern, Hutkoffern, Musterkoffern Forrest Gump Forrest Einmal… ...da wohnte ein junger Mann bei uns. Forrest Der hatte einen Gitarrenkoffer. Forrest Oh, nein nach Naja aber... Oh, das hört sich gut an. Danke, Ma'am You ain't nothing but a hound dog. Ich mochte die Gitarre. Sie klang gut. ###lyrics### Dann fing ich an,... Ich wackelte mit den Hüften.",79,65.4791666666667,11.2499801587127,0.386904742857143
5,"Scene",12,"GREENBOW ALABAMA","DAY","EXT","00:05:43:02","00:06:25:17",1065,5,"-0.165",1,"29.58333333","00:05:43:06","00:06:25:13",1057,8581,-6295,1,343.24,385.52,"Der Name Forrest soll mich immer daran erinnern, dass wir manchmal Sachen tun,... “Lovesick Blues” ...die nicht viel Sinn ergeben. Ich krieg das da raus. Lass mich! Ich mach das. Siehst du? ...geht doch da raus. noch anders, warte, warte! hum Was guckt ihr denn so? Habt ihr etwa noch nie nen Jungen mit Schienen an den Beinen gesehen? Wenn Gott gewollt hätte, dass alle Menschen gleich wären,... ",68,94.9861111111111,25.0205590068622,0.342857057142857
53,"Scene",12,"ARMY BUS","DAY","INT","00:27:41:07","00:28:55:14",1857,7,"-0.323",3,"51.58333333","00:27:41:11","00:28:55:10",1849,41536,32955,1,1661.44,1735.4,"Soll ich dir was sagen? Du bist das letzte, mit dir kann man nichtmal die Scheisse aufwischen. Du bist jetzt in der Army. Hier sitzt schon einer. Hier auch Es war doch der Tag meiner Einberufung. Warst du schonmal auf nem richtigen Shrimpkutter? Nein Ich hab schon immer aufm Shrimpkutter gearbeitet. Und jetzt hatt ich vor, mir selbst ein Boot zu kaufen, da haben sie mich eingezogen. Getauft bin ich auf... ...Benjamin Buford Blue. So wie die weißen Arbeiter sich begrüßen. Wie findest du das? Mein Name ist Forrest Gump. Mich nennen alle Forrest Gump. Also Bubba kam aus Bayou La Batre, Alabama und seine Mama kochte Shrimps.",108,54.4166666666667,11.2206760682488,0.313492028571429
107,"Scene",12,"NEW YORK","NIGHT","EXT","01:07:58:15","01:08:32:04",839,2,"0.275",2,"23.30555556","01:07:58:19","01:08:32:00",831,101969,60433,0,4078.76,4112," Nach links Nach rechts, rechts Okay wäääääh Runter von der Straße! Was machen sie hier in New York? Lt. Dan Als Kriegskrüppel hänge ich an der Titte der Wohlfahrt. Ich sauge sie aus. hey, hey, hey Bist du blind? Verpiss dich! Hast wohl nen Knall. Aaaah Verpiss dich! Komm jetzt, weiter, weiter! cheering ",54,34.9305555555556,4.25886097746766,0.336904685714286
46,"Scene",12,"WHITE HOUSE","DAY","INT","00:25:56:13","00:26:20:04",591,2,"-0.445",1,"16.41666667","00:25:56:17","00:26:20:00",583,38917,-63052,0,1556.68,1580,"Das, was richtig gut darin ist, wenn man den Präsidenten der Vereinigten Staaten kennenlernt, ist, das Essen. Sie stecken einen in einen kleinen Raum und da gibt es fast alles zu Essen und zu Trinken, was man sich wünscht. Und weil ich ersten keinen Hunger hatte, sondern nur Durst und zweitens alles umsonst war, habe ich so ungefähr 15 Doktor Peppers Cola getrunken. bööörp",64,61.4930555555556,14.0810772354643,0.365476171428571
196,"Scene",12,"GUMP HOUSE","DAY","INT","01:51:49:04","01:52:19:09",755,8,"-0.563333333",2,"20.97222222","01:51:49:08","01:52:19:05",747,167733,128816,3,6709.32,6739.2," Das warst du. Ich liebe dich. Du bist an einem Samstag morgen gestorben.",14,96.2777777777778,14.6863369178122,0.126587428571429
18,"Scene",12,"SCHOOL BUS STOP","DAY","EXT","00:11:52:18","00:12:32:07",989,9,"-0.576666667",3,"27.47222222","00:11:52:22","00:12:32:03",981,17822,-149911,0,712.88,752.12," Und du gibst dir wirklich Mühe, nicht wahr, Forrest? Ja, mach ich. Mama Ich kann mich noch an die Busfahrt am ersten Schultag erinnern. Kommst du oder kommst du nicht? Mama sagt, ich darf nicht bei Fremden ins Auto einsteigen. Das hier ist der Bus zur Schule. Ich bin Forrest, Forrest Gump. Ich bin Dorothy Harris. Dann sind sie ja jetzt keine Fremde mehr. mmpf",66,73.3958333333333,20.6002232130764,0.289682571428571
30,"Scene",12,"OUTSIDE JENNY'S HOUSE","DAY","EXT","00:17:06:19","00:18:30:07",2088,10,"0.055833333",3,"58","00:17:06:23","00:18:30:03",2080,25673,7851,3,1026.92,1110.12," Jenny? Er war ein sehr liebevoller Mann. Dauernd hat er sie und ihre Schwestern gestreichelt und geküsst. An diesem einen Tag... Jenny Warum bist du heute nicht in der Schule gewesen? Psst! Daddy ist gerade eingeschlafen. Jenny Komm schnell! Jenny Wo rennst du denn hin? Wo bist du? Jenny Jenny Wo bist du? Jenny Bete mit mir! Jenny Lieber Gott Lieber Gott Mama hat immer sagt: Gottes Wege sind rätselhaft. Jenny Er hat an dem Tag keinen Vogel aus Jenny gemacht. Komm sofort zurück!",85,80.5416666666667,14.0881789353445,0.367460314285714
179,"Scene",12,"STREET WITH HOUSES IN THE BACKGROUND","DAY","EXT","01:39:10:16","01:39:33:14",573,3,"0.165",2,"15.91666667","01:39:10:20","01:39:33:10",565,148770,123097,0,5950.8,5973.4,"Ich sagte mir: Der Mann hat seine 5 Sinne beieinander. Und dann hatte ich Gesellschaft. Kurze Zeit später hatte ich noch mehr Gesellschaft. Und dann kamen noch mehr Leute dazu.",30,81.7152777777778,14.6237518121545,0.219841314285714
21,"Scene",36,"SCHOOL BUS","DAY","INT","00:13:11:02","00:14:07:09",1407,10,"-0.333",2,"13.02777778","00:13:11:06","00:14:07:05",1399,19781,NA,2,791.24,847.2," Ich hatte noch nie in meinem Leben etwas so schönes gesehen. Sie war wie ein Engel. Was ist? Setzt du dich hin oder nicht? Was ist denn mit deinen Beinen? ähm Überhaupt nichts, danke Meine Beine sind ordentlich in Ordnung. Ich saß also da im Bus. Wieso hast du denn dann solche Schuhe an? Die Schuhe machen mich wieder kerzengerade. Es sind meine Zauberschuhe. Abgesehen von Mama... Mama sagt: Ich bin Jenny. Ich bin Forrest, Forrest Gump. Von dem Tag an waren wir immer zusammen. ",86,66.1064814814815,14.3755619030246,0.204569065420561
120,"Scene",36,"BAYOU LA BATRE","DAY","EXT","01:16:28:20","01:16:44:22",402,2,"-0.56",1,"3.722222222","01:16:28:24","01:16:44:18",394,114724,94943,0,4588.96,4604.72,"Nach einem neuen Haarschnitt und einen neuen Anzug und dann hab ich Mama cique zum essen ausgeführt und hab eine Fahrkarte für den Bus gekauft und drei Doctor Pepper Colas. Sagen sie mal! Sind Sie dumm oder sowas? ",38,79.275462962963,9.34983006335242,0.135643897196262
139,"Scene",36,"SAVANNAH","DAY","EXT","01:24:59:21","01:26:06:23",1677,7,"-0.32952381",3,"15.52777778","01:25:00:00","01:26:06:19",1669,127500,12776,4,5100,5166.76,"...konnte man nur noch Bubba Gump Shrimps kaufen. Wir hatten eine Menge Boote. Bubba Gump Shrimps Das ist ein Markenname. Moment mal mein Freund Ja, Sir Wir haben mehr Geld als Davy Crocket. chhhhahahaha ha ha ha ha hu Wir haben neben einem Millionär gesessen. chahahaha heee ha Also Und sie erzählen sie so schön. Aber ja, gern sogar Das da Das ist er. ahhh Und ich kann ihnen noch was über Lt.Dan erzählen. ",74,88.1157407407407,7.41189889573297,0.138888906542056
36,"Scene",36,"ALLEY","DAY","EXT","00:19:32:24","00:19:53:24",525,6,"0.445",3,"4.861111111","00:19:33:03","00:19:53:20",517,29328,-98172,1,1173.12,1193.8,"Ahahaaaaahahaha hahahahah huhuhuhuhuhuhu whooo ahahahahahahaha whooo whooo Lauf! Forrest ieaaaaah whooo",11,77.6898148148148,17.8851107072927,0.26882146728972
87,"Scene",36,"MILITARY HOSPITAL","DAY","INT","00:54:27:23","00:54:54:04",656,2,"-0.055",1,"6.074074074","00:54:28:02","00:54:54:00",648,81702,52374,0,3268.08,3294," ..., die wollen mir doch tatsächlich die... Ma'am Was haben die denn mit Lt. Dan gemacht? In die Heimat geschickt Zwei Wochen später habe ich Vietnam verlassen.",28,83.7337962962963,15.4164644187009,0.135124654205607
12,"Scene",36,"GUMP HOUSE","NIGHT","EXT","00:08:36:23","00:09:15:19",971,3,"-0.4175",3,"8.990740741","00:08:37:02","00:09:15:15",963,12927,-68775,0,517.08,555.6,"eeheeheeheeh Deiner Mutter liegt wirklich ne Menge an deiner Einschulung. Junge mh mh mhhh Du redest nicht viel, was? eeheeheeheeh",20,31.7522935779816,6.50627327377308,0.126286046296296
178,"Shot",4,"SAVANNAH","DAY","EXT","01:39:05:07","01:39:10:16",134,1,"0.67",1,"11.16666667","01:39:05:11","01:39:10:12",126,148636,NA,0,5945.44,5950.48,"",0,71.75,0.301511344577764,0.0227273636363636
205,"Shot",4,"SCHOOL BUS STOP","DAY","EXT","01:57:02:04","01:58:02:06",1502,1,"-0.33",1,"125.1666667","01:57:02:08","01:58:02:02",1494,175558,26922,0,7022.32,7082.08,"",0,79.7083333333333,24.8078601302576,0.439394
96,"Shot",4,"WASHINGTON D.C.","NIGHT","EXT","01:01:40:20","01:02:32:07",1287,1,"-0.78",2,"107.25","01:01:40:24","01:02:32:03",1279,92524,-83034,0,3700.96,3752.12," Ich würde dir nie wehtun. Jenny Ja, das weiß ich. Forrest Ich möchte gern dein... Diese Uniform ist wirklich irre. Forrest Du siehst gut damit aus. Ganz ehrlich uhmpf Weißt du was? Was ###lyrics### Das find ich auch. Forrest Wir sind die ganze Nacht spazieren gegangen. Jenny und ich ###lyrics### ",51,35.1041666666667,1.73027301226416,0.338383909090909
190,"Shot",4,"VIETNAM","NIGHT","EXT","01:50:58:23","01:51:10:14",291,1,"-0.33",2,"24.25","01:50:59:02","01:51:10:10",283,166477,73953,0,6659.08,6670.4,"Manchmal hat es so lang aufgehört zu regnen,... ...dass man die Sterne sehen konnte. Und dann war es schön.",19,9.47916666666667,1.27233827929906,0.296717272727273
180,"Shot",4,"SAVANNAH","DAY","EXT","01:39:33:14","01:39:40:09",170,1,"-0.78",1,"14.16666667","01:39:33:18","01:39:40:05",162,149343,-17134,0,5973.72,5980.2,"Naja Naja ich versteh nichts davon, aber...",7,70.7291666666667,0.505181485540923,0.044192
41,"Shot",4,"GIRL'S DORM","NIGHT","INT","00:23:04:23","00:23:17:21",323,1,"-0.22",1,"26.91666667","00:23:05:02","00:23:17:17",315,34627,-114716,0,1385.08,1397.68,"Ist das Dein Zimmer? Shh! Träumst du manchmal davon,...",9,40.2083333333333,4.10768865185837,0.247474727272727
81,"Shot",4,"VIETNAM CAMP","NIGHT","EXT","00:43:31:17","00:43:38:22",180,1,"-0.56",1,"15","00:43:31:21","00:43:38:18",172,65296,30669,0,2611.84,2618.72,"In Liebe Forrest Gump",4,11.125,0.82915619758885,0.127525272727273
148,"Shot",4,"BAYOU LA BATRE / BUBBA'S HOME","DAY","EXT","01:27:59:01","01:28:10:16",290,1,"0.055",2,"24.16666667","01:27:59:05","01:28:10:12",282,131980,66684,0,5279.2,5290.48,"Und auch wenn Bubba tot war und Lt. Dan gesagt hat, ich wäre verrückt... ...habe ich Bubbas Mama Bubbas Anteil gegeben.",21,64.1875,1.98896101246126,0.316919090909091
62,"Shot",4,"CLUB IN MEMPHIS","NIGHT","INT","00:31:55:24","00:32:31:15",891,1,"0.33",1,"74.25","00:31:56:03","00:32:31:11",883,47903,-84077,0,1916.12,1951.44," Ein Mann in Memphis Tennesse nämlich hatte einen Club. Und der hat ihr einen Job angeboten. Als Sängerin Whoooo hahahahaha yea Das war Amber, Amber Flame. Und jetzt... ...etwas fürs Auge und etwas fürs Ohr, direkt auf Hollywood Kalifornien. Exklusiv für sie unsere Beatnik Muse Ich bitte nochmal um einen satten Applaus für unsere sinnliche Bobbie Dylan. Yeaaaa",59,25.8333333333333,4.72701776701727,0.385100818181818
98,"Shot",4,"CAMPFIRE","NIGHT","EXT","01:02:36:23","01:02:44:04",181,1,"-0.67",1,"15.08333333","01:02:37:02","01:02:44:00",173,93927,46024,0,3757.08,3764," ###on walk of fame### ###lyrics### ",6,47.5416666666667,25.6044725614787,0.401515181818182
42,"Shot",4,"GIRL'S DORM / JENNY'S ROOM","NIGHT","INT","00:23:17:21","00:24:00:05",1059,1,"-0.28",2,"88.25","00:23:18:00","00:24:00:01",1051,34950,-58977,0,1398,1440.04,"...wer du einmal sein wirst? Wer ich mal sein werde? Ja Werd' ich später nicht mehr ich sein? Natürlich wirst du immer du sein. Trotzdem wirst Du ein anderer sein. Weißt Du was? Ich möchte mal berühmt werden. Ich möchte Sängerin werden wie Joan Baez. Ich möchte auf... Ich möchte in den Menschen etwas bewegen. Ich möchte Inhalte vermitteln. ",59,34.875,3.43527820760362,0.400252363636364
94,"Shot",4,"WASHINGTON D.C.","NIGHT","EXT","00:59:38:15","00:59:47:07",217,1,"-0.406666667",3,"18.08333333","00:59:38:19","00:59:47:03",209,89469,54519,0,3578.76,3587.12," Wir waren wieder wie Pech und Schwefel. Sie führte mich in der Stadt herum.",15,17.9583333333333,0.462617716387031,0.132575818181818
73,"Shot",4,"VIETNAM RICE FIELD","DAY","EXT","00:41:28:18","00:41:39:08",265,1,"-0.89",1,"22.08333333","00:41:28:22","00:41:39:04",257,62222,-27247,0,2488.88,2499.16,"Eines Tages fing es an zu regnen. Und es hörte vier Monate lang nicht auf.",15,74.8333333333333,13.3320075098398,0.266414181818182
110,"Shot",4,"APPARTMENT IN CALIFORNIA","NIGHT","INT","01:11:50:05","01:12:23:00",820,1,"0.39",2,"68.33333333","01:11:50:09","01:12:22:21",812,107759,45537,0,4310.36,4342.84," Neun, Acht, Sieben, Sechs fünf, Vier, Drei Zwei cheering in background ###lyrics### ###lyrics### ",14,24.75,4.80530010414637,0.488636272727273
126,"Shot",4,"APARTMENT / BEDROOM","NIGHT","INT","01:18:34:00","01:18:57:10",585,1,"-0.61",2,"48.75","01:18:34:04","01:18:57:06",577,117854,10095,0,4714.16,4737.24,"",0,18.5208333333333,6.38131000847337,0.452020181818182
58,"Shot",4,"BARRACKS","DAY","INT","00:29:56:14","00:30:45:17",1228,1,"0.11",2,"102.3333333","00:29:56:18","00:30:45:13",1220,44918,-72936,0,1796.72,1845.52," An nem guten Tag kannst du über 100 Pfund Shrimps fangen. Wenn alles richtig hinhaut, verdienen zwei Mann, die zehn Stunden fischen, abzüglich das, was du für den Sprit brauchst, so ungefähr... Fertig, Drill Sergeant Gump wer schneidet den gelben die Eier ab? Wieso haben sie das Gewehr so schnell zusammengesetzt? Weil sie es mir gesagt haben. Drill Sergeant Ach, du heiliger Strohsack Das ist ein neuer Kompanierekord. Sie werden nochmal General Private Gump und jetzt Waffe auseinandernehmen und weitermachen! äh Was ich dir gerade sagen wollte. Shrimps sind Früchte des Meeres. Du kannst sie am Spieß braten. Es gibt... ...äh... Shrimps Kebab, Shrimps Creol,",106,54.2083333333333,9.14705201723816,0.344697
95,"Shot",4,"BLACK PANTHER HQ","NIGHT","INT","00:59:53:18","01:00:39:16",1148,1,"0.256666667",3,"95.66666667","00:59:53:22","01:00:39:12",1140,89847,44929,0,3593.88,3639.48,"Hör auf! Er ist in Ordnung. Er ist in Ordnung. Er gehört zu uns. Ich werd dir jetzt mal was erzählen. Verflucht nochmal, wo warst du? Wir haben den besten Vorsatz, unsere schwarzen Führer vor den rassistischen Übergriffen der Bullen zu schützen, vor denen, die unsere Schwarzen Führer misshandeln und unsere Frauen vergewaltigen und den Zusammenschluss der Schwarzen zerschlagen wollen. Masai, Telefon. Wer ist der Babykiller? Das ist mein guter, alter Freund. Das ist Forrest Gump. Forrest Das ist Wesley. Wir beide waren zusammen in Berkeley. Wesley ist der Präsident vom SDS in Berkeley. Und ich sag dir nochwas anderes. Du musst wissen. Wir die Black Panther sind gegen den verdammten Krieg in Vietnam. Ja, ja Wir sind gegen jeden Krieg, in dem schwarze Soldaten an die vordeste Front geschickt werden, um für ein Land zu sterben, das sie hasst. Wir sind gegen jeden Krieg, in dem Schwarze...#### ",148,42.1875,3.53734138738532,0.361111272727273
45,"Shot",4,"WHITE HOUSE (BROADCAST)","DAY","INT","00:25:49:18","00:25:56:13",170,1,"-0.275",2,"14.16666667","00:25:49:22","00:25:56:09",162,38747,-51100,0,1549.88,1556.36,"Präsident Kennedy empfing heute im weißen Haus das All-American Football Team.",11,78.2916666666667,22.9418319127996,0.276515181818182
114,"Shot",4,"WHITE HOUSE","DAY","INT","01:13:11:08","01:13:28:18",435,1,"-0.78",1,"36.25","01:13:11:12","01:13:28:14",427,109787,71040,0,4391.48,4408.56," Junger Mann Ja, Sir Wo hat man sie untergebracht? Äh Es heißt Hotel Ebbott. Oh, nein, nein, nein, nein. Da kenn ich aber ein viel schöneres Hotel. Es ist völlig neu und völlig modern. ",35,91.4791666666667,14.4180514749162,0.258838454545455
82,"Shot",4,"VIETNAM JUNGLE","DAY","EXT","00:43:38:22","00:44:20:11",1039,1,"0.445",2,"86.58333333","00:43:39:01","00:44:20:07",1031,65476,-44311,0,2619.04,2660.28,"There's something happenin' here. What it is ain't exactly clear. There's a man with a gun over there, Telling' Me I got to beware. Dann kam ein Tag Wir waren grade mal unterwegs, wie üblich. Da hat plötzlich jemand den Regen abgestellt. Einfach so und die Sonne kam raus. Geht in Deckung!",52,68.2916666666667,11.1609268378028,0.419191818181818
204,"Shot",4,"JENNY'S GRAVE","DAY","EXT","01:53:33:19","01:53:59:06",637,1,"0",1,"53.08333333","01:53:33:23","01:53:59:02",629,170348,104872,0,6813.92,6839.08,"Und am Abend lesen wir immer ein Buch. Er ist wirklich klug. Jenny schnief schnief Du wärst so stolz auf ihn. Ich bin es Er hat... Er hat dir einen Brief geschrieben. Er ist ja nicht für mich, al, also lass ich ihn hier für dich.",46,126.229166666667,0.527195984488317,0.0555557272727273
150,"Shot",4,"FINE HOUSE","DAY","INT","01:28:12:08","01:28:18:18",160,1,"-0.89",1,"13.33333333","01:28:12:12","01:28:18:14",152,132312,-38036,0,5292.48,5298.56,"Von da an musste sie nie wieder in anderer Leute Küche arbeiten. ",12,91.4166666666667,5.68524139302543,0.275252636363636
200,"Shot",4,"GUMP HOUSE","NIGHT","INT","01:52:58:10","01:53:06:24",214,1,"-0.67",1,"17.83333333","01:52:58:14","01:53:06:20",206,169464,37152,0,6778.56,6786.8,"Er geht nun bald wieder in die Schule. ...er war sicht nicht ganz sicher, überall wo sie hingingen waren die neuen Gäste... Ich mache jeden Tag sein Frühstück für ihn. Das Mittagessen",32,56.5208333333333,3.44676780960559,0.119949545454545
192,"Shot",4,"BAYOU LA BATRE / ON THE BOAT","DAY","EXT","01:51:16:11","01:51:24:21",210,1,"-0.56",1,"17.5","01:51:16:15","01:51:24:17",202,166915,-2549,0,6676.6,6684.68,"Es waren... Es waren millionen Glitzerlichter auf dem Wasser. Oder so wie der Bergsee",14,26.2708333333333,0.901125138452765,0.114898909090909
136,"Shot",4,"BAYOU LA BATRE","DAY","EXT","01:24:26:19","01:24:34:08",189,1,"-0.56",1,"15.75","01:24:26:23","01:24:34:04",181,126673,-40242,0,5066.92,5074.16," ",0,70.4791666666667,22.6415894311706,0.5
144,"Shot",4,"SAVANNAH","DAY","EXT","01:27:33:07","01:27:37:14",107,1,"-0.115",2,"8.916666667","01:27:33:11","01:27:37:10",99,131336,4663,0,5253.44,5257.4,"Das ist gut. Eine Sorge weniger ",6,76.1041666666667,0.718729413407417,0.0353537272727273
80,"Shot",4,"GRANDMA'S TRAILER","DAY","EXT","00:43:20:24","00:43:31:17",268,1,"0.17",2,"22.33333333","00:43:21:03","00:43:31:13",260,65028,-66308,0,2601.12,2611.52," ",0,71.3541666666667,9.13376498924665,0.356060545454545
17,"Shot",4,"SAVANNAH","DAY","EXT","00:11:42:15","00:11:52:18",253,1,"-0.89",1,"21.08333333","00:11:42:19","00:11:52:14",245,17569,-47459,0,702.76,712.56,"",0,69.0208333333333,1.00825193761131,0.0366162727272727
157,"Shot",4,"GUMP HOUSE","DAY","INT","01:31:14:06","01:31:21:16",185,1,"-0.585",2,"15.41666667","01:31:14:10","01:31:21:12",177,136860,119291,0,5474.4,5481.48,"Jeden Tag hab' ich schöne Blumen gepflückt und sie in ihr Zimmer gestellt.",13,76.5,2.28134728933266,0.070707
113,"Shot",4,"SAVANNAH","DAY","EXT","01:12:59:01","01:13:11:08",307,1,"-0.89",1,"25.58333333","01:12:59:05","01:13:11:04",299,109480,-27380,0,4379.2,4391.16,"...war ich zusammen mit dem PingPong Team im weißen Haus eingeladen. Also bin ich hingegangen. Und ich traf den Präsidenten der Vereinigten Staaten, schon wieder. ",25,66.1041666666667,0.537865450112054,0.0618687272727273
193,"Shot",4,"MOUNTAIN LAKE","DAY","EXT","01:51:24:21","01:51:33:03",207,1,"-0.445",2,"17.25","01:51:25:00","01:51:32:24",199,167125,57645,0,6685,6692.96,"Jenny ...zwei Himmel wären. ",4,83.5625,0.67525247803389,0.0239900909090909
124,"Shot",4,"DISCO","NIGHT","INT","01:18:09:06","01:18:28:14",483,1,"-0.263333333",3,"40.25","01:18:09:10","01:18:28:10",475,117235,-49890,0,4689.4,4708.4,"Du willst fahren? Oder meinst du ich soll fahren? aaahaha Ich hatte schon seit langer Zeit nichts mehr von Jenny gehört. ",21,25.625,4.13342802921828,0.443181909090909
111,"Shot",4,"NEW YORK BAR","NIGHT","INT","01:12:23:00","01:12:54:08",783,1,"-0.26",3,"65.25","01:12:23:04","01:12:54:04",775,108579,-8656,0,4343.16,4374.16,"cheering in background Gesundes neues Jahr ###song name?### Ein frohes neues Jahr Lt. Dan ",14,20.7708333333333,4.3503635340955,0.463383818181818
93,"Shot",4,"WASHINGTON D.C.","DAY","EXT","00:56:09:12","00:56:37:21",709,1,"0.055",2,"59.08333333","00:56:09:16","00:56:37:17",701,84241,-24338,0,3369.64,3397.68,"Hey Du bist genau der richtige Mann für das hier. Ganz ehrlich Okay Er trug als Hemd die amerikansche Flagge aus irgendeinem Grund.",23,64.9375,14.2223116168671,0.390151636363636
86,"Shot",4,"MILITARY HOSPITAL","DAY","INT","00:54:11:24","00:54:27:23",399,1,"-0.67",1,"33.25","00:54:12:03","00:54:27:19",391,81303,-2938,0,3252.12,3267.76,"Private Gump Ja, Sir Stehen sie bequem! Mein Sohn Ihnen wird die Tapferkeitsmedallie verliehen.",14,64.0625,8.77310261797128,0.239899
79,"Shot",4,"VIETNAM CAMP","NIGHT","EXT","00:43:03:03","00:43:20:24",446,1,"-0.275",2,"37.16666667","00:43:03:07","00:43:20:20",438,64582,-16721,0,2583.28,2600.8,"Ich hab das sogar Jenny geschrieben. Ich hab ihr immer Briefe geschrieben. Ich hab ihr erzählt, was ich so mache und sie gefragt, was sie so macht. Und ich hab ihr geschrieben, dass ich immer an sie denke.",38,17.125,2.56616976693423,0.356060636363636
133,"Shot",4,"BAYOU LA BATRE / ON THE BOAT","DAY","EXT","01:23:09:08","01:23:34:15",632,1,"-0.89",2,"52.66666667","01:23:09:12","01:23:34:11",624,124737,60155,0,4989.48,5014.44,"Keine Shrimps Wo zum Teufel ist denn dein Gott? ",9,76.6458333333333,9.10884830394284,0.373737272727273
37,"Shot",4,"SAVANNAH","DAY","EXT","00:19:53:24","00:20:01:19",195,1,"-0.44",1,"16.25","00:19:54:03","00:20:01:15",187,29853,-94884,0,1194.12,1201.6,"Es wurde ganz normal. ",4,73.6875,0.649519052838329,0.0643940909090909
69,"Shot",4,"VIETNAM MILITARY BASE","DAY","EXT","00:38:35:11","00:39:19:18",1107,1,"-0.56",1,"92.25","00:38:35:15","00:39:19:14",1099,57890,28037,0,2315.6,2359.56," Na dann, los “I Can't Help Myself (Sugar Pie Honey Bunch)” Also ihr Männer seid aus Arkansas, huh? Naja Bin da mal durchgekommen. Bedrock ist 'n hübsches Städtchen. So Ihr stellt jetzt euren ganzen Kram ab. Wenn ihr Hunger habt... Es gibt ein Paar feststehende Regeln in diesem Platoon. Erstens Passt auf eure Füße auf! Zweitens There must be some kind of way outta here",66,62.875,17.6546736021938,0.368686818181818
13,"Shot",4,"GUMP HOUSE / BEDROOM FORREST","NIGHT","INT","00:09:15:19","00:09:46:13",769,1,"-0.44",2,"64.08333333","00:09:15:23","00:09:46:09",761,13898,-43992,0,555.92,586.36," oh Wie ging es weiter? Zuerst kam... Mama Was bedeutet das, Ferien? Ferien? Wo Daddy hin ist. Na ",19,58.3333333333333,8.85574629403092,0.275252454545455
147,"Shot",4,"BAYOU LA BATRE / HOSPITAL","DAY","EXT","01:27:52:19","01:27:59:01",157,1,"0.78",1,"13.08333333","01:27:52:23","01:27:58:22",149,131823,117925,0,5272.92,5278.88,"Und eine ganze Menge habe ich auch dem Bayou La Batre Seemannskrankenhaus geschenkt.",13,69.5,6.41110542163149,0.299242454545455
155,"Shot",4,"FIELD","DAY","EXT","01:30:46:03","01:31:04:00",447,1,"-0.406666667",3,"37.25","01:30:46:07","01:31:03:21",439,136157,4334,0,5446.28,5463.84,"Wir machten jeden Tag einen Spaziergang und ich habe geplappert wie ein Äffchen. Sie hat sich alles angehört vom Ping Pong spielen, vom Shrimpfischen und von Mamas Reise in den Himmel. Die meiste Zeit hab ich allein geredet. Jenny war eigentlich richtig still. ...dann Regen.",45,69.3541666666667,11.045596784843,0.375
158,"Shot",4,"GUMP HOUSE","DAY","EXT","01:31:21:16","01:31:28:23",182,1,"-0.5",2,"15.16666667","01:31:21:20","01:31:28:19",174,137045,888,0,5481.8,5488.76,"Neue Schuhe Das sind Spezialschuhe für Läufer.",7,71.1041666666667,2.97424232776054,0.279040454545455
125,"Shot",4,"BAYOU LA BATRE","DAY","EXT","01:18:28:14","01:18:34:00",136,1,"-0.67",2,"11.33333333","01:18:28:18","01:18:33:21",128,117718,-19327,0,4708.72,4713.84," ",0,75.7083333333333,7.06852284084271,0.151515272727273
186,"Shot",4,"JENNY'S APPARTMENT","DAY","INT","01:44:05:18","01:44:44:19",976,1,"-0.37",3,"81.33333333","01:44:05:22","01:44:44:15",968,156147,38429,0,6245.88,6284.6,"Ich bin sehr weit gelaufen. Hab mir viel Zeit genommen. Hier huuuch äääh Forrest Ich... äääh Ich war ziemlich kaputt und... uhuh Hey Hallo Na, du? Das ist mein alter Freund aus Alabama. ach",34,87.1458333333333,4.30704804695604,0.203282727272727
202,"Shot",4,"GUMP HOUSE","NIGHT","EXT","01:53:20:18","01:53:27:11",168,1,"-0.555",2,"14","01:53:20:22","01:53:27:07",160,170022,13875,0,6800.88,6807.28,"Okay Er macht es sehr gut. Ok, Forrest, jetzt du haeeeeh",11,27.375,1.2224230780782,0.194444545454545
156,"Shot",4,"TREE ON A FIELD","DAY","EXT","01:31:04:00","01:31:14:06",256,1,"-0.5",2,"21.33333333","01:31:04:04","01:31:14:02",248,136604,-33418,0,5464.16,5474.08," Wir waren wieder wie Pech und Schwefel.",8,64.5,20.0969242332344,0.449494909090909
31,"Shot",4,"GRANDMA'S TRAILER","DAY","EXT","00:18:30:07","00:18:43:21",339,1,"-0.615",2,"28.25","00:18:30:11","00:18:43:17",331,27761,-108843,0,1110.44,1123.68,"Jenny braucht nie mehr in das Haus zurück zu gehen. Von da an wohnte sie bei ihrere Großmutter gleich drüben, an der Creekmore Avenue. Das hat mich sehr glücklich gemacht.",30,55.6458333333333,5.31342460759594,0.35101
32,"Shot",4,"GUMP HOUSE","NIGHT","EXT","00:18:43:21","00:18:55:19",298,1,"-0.445",2,"24.83333333","00:18:44:00","00:18:55:15",290,28100,339,0,1124,1135.6,"Machmal schlich Jenny sich nachts heimlich davon und kam rüber zu mir. Wovor sie Angst hatte,... ",16,26.4583333333333,1.68156222458508,0.188131363636364
129,"Shot",4,"BAYOU LA BATRE / ON THE BOAT","NIGHT","EXT","01:20:00:20","01:20:18:24",454,1,"-0.78",2,"37.83333333","01:20:00:24","01:20:18:20",446,120024,91924,0,4800.96,4818.8,"Ich hab' die ganze Zeit immer an Jenny gedacht. ",9,19.4791666666667,11.5071412280559,0.339646636363636
127,"Shot",4,"APARTMENT / BATHROOM","NIGHT","INT","01:18:57:10","01:19:02:12",127,1,"0.11",1,"10.58333333","01:18:57:14","01:19:02:08",119,118439,-1585,0,4737.56,4742.32,"",0,34.1875,8.79832434976322,0.35101
8,"Shot",4,"SCHOOL HALLWAY","DAY","INT","00:07:27:20","00:07:42:12",367,1,"-0.67",1,"30.58333333","00:07:27:24","00:07:42:08",359,11199,-107240,0,447.96,462.32," Ich möchte Ihnen mal etwas zeigen. Misses Gump Also das hier... ...ist normal.",14,71.8958333333333,7.20752316343938,0.268939272727273
109,"Shot",4,"NEW YORK BAR","NIGHT","INT","01:10:13:07","01:11:50:05",2423,1,"-0.4725",4,"201.9166667","01:10:13:11","01:11:50:01",2415,105336,94137,0,4213.44,4310.04," ...Astor Hotel stand Shrimpkutter Shrimpkutter? Wen interessieren denn Shrimpkutter verdammt nochmal? Ich habs Bubba versprochen. Ich hab gesagt, wenn der Krieg vorbei ist, werden wir Partner. Er wird Kapitän auf dem Kutter und ich sein erster Offizier. Aber jetzt ist er tot und das bedeutet ich werde der Kapitän. ###Ein### Shrimpkutterkapitän? Ja, Sir Ein Versprechen ist ein Versprechen. Lt. Dan huahahahahahaha Hey Hört euch das an! hahaha Private Gump wird in kürze Shrimpkutterkapitän. haha Ich sag dir was. Robinson hahaha Okay Wieso schimpfst du denn schon wieder? öhöhöha Wer ist denn dein Freund? Mein Name ist Forrest, Forrest Gump. ehehehe Das ist die geile Carla. eeeha ehehehahaha Wo bist du gewesen, Babykeks? Hab dich ja ewig nicht gesehen. Tommy hat ne Hausrunde geschmissen und jedem ein Truthahnsandwich geschenkt. Naja, naja, was soll ich sagen? Ich hatte Besuch. Hey, hey Wir waren, da sind wir gewesen, das ist der Times Square. Findest du Silvester auch so schön? Du fängst wieder von vorn an. Jeder kriegt eine neue Chance. Es war komisch. ",171,18.25,5.18082127571576,0.382575909090909
177,"Shot",4,"STREET WITH HOUSES IN THE BACKGROUND","DAY","EXT","01:39:00:20","01:39:05:07",112,1,"0.03",2,"9.333333333","01:39:00:24","01:39:05:03",104,148524,43188,0,5940.96,5945.12,"Sie sinds? ",2,94.2708333333333,7.87578158699571,0.200757454545455
174,"Shot",12,"CAFE","DAY","INT","01:38:29:02","01:38:42:13",336,1,"-0.11",1,"9.333333333","01:38:29:06","01:38:42:09",328,147731,NA,0,5909.24,5922.36,"Zum vierten mal auf seinem Weg durch Amerika will Forrest Gump, ein Gärtner aus Greenbow Alabama im heutigen Tag den Mississippi überqueren. Ich werd verrückt. Forrest",26,61.6388888888889,5.79144826583757,0.188888885714286
101,"Shot",12,"VETERANS HOSPITAL","DAY","INT","01:05:12:00","01:05:38:15",665,1,"-0.39",2,"18.47222222","01:05:12:04","01:05:38:11",657,97804,-49927,0,3912.16,3938.44,"That's one small step for man, One giant leap for mankind. ",11,43.5833333333333,9.37530951870009,0.368650771428571
64,"Shot",12,"VIETNAM MILITARY BASE","DAY","EXT","00:36:57:21","00:37:37:00",979,1,"-0.443333333",3,"27.19444444","00:36:58:00","00:37:36:21",971,55450,-42354,0,2218,2256.84,"Ihr seid die beiden Neuen, hu? Guten Morgen, Sir Hey! Hände runter, ja? Salutiert nicht vor mir, es wimmelt hier nur so von beschissenen Scharfschützen, die gerne Offiziere abknallen. Ich bin Lieutenant Dan Taylor. Willkommen im vierten Platoon Was is'n mit deiner Lippe? Naja gut, zieh sie lieber ein. Wo kommt ihr zwei denn her? Alabama, Sir. pfff ha Seid ihr Zwillinge?",62,72.8819444444444,8.19287279789816,0.291269885714286
154,"Shot",12,"GUMP HOUSE","NIGHT","INT","01:30:30:05","01:30:46:03",398,1,"-0.275",2,"11.05555556","01:30:30:09","01:30:45:24",390,135759,80309,0,5430.36,5445.96," Denn sie ging ins Bett und schlief und schlief. Als ob sie seit Jahren nicht geschlafen hätte. ",18,81.3958333333333,4.50966224582602,0.148809485714286
141,"Shot",12,"SAVANNAH","DAY","EXT","01:26:48:02","01:27:18:00",748,1,"-0.593333333",3,"20.77777778","01:26:48:06","01:27:17:21",740,130206,-5553,0,5208.24,5237.84," Da kommt schon bald der nächste. Ganz sicher Naja, und weil ich ein Football Star war und ein Kriegsheld und eine nationale Berühmtheit und ein Shrimpkutterkapitän und einen Collegeabschluss hatte beschlossen die Stadtväter von Greenbow Alabama etwas nettes, Sie gaben mir einen sehr schönen Job. ",46,75.8125,23.7253913862042,0.169444542857143
115,"Shot",12,"WATERGATE HOTEL","NIGHT","INT","01:13:28:18","01:13:51:15",572,1,"-0.695",2,"15.88888889","01:13:28:22","01:13:51:11",564,110222,-19984,0,4408.88,4431.44,"ehm Ja Sir Sie, sie müssten mal einen Elektriker in das Büro auf der anderen Straßenseite schicken. Da sind die Lichter aus und die suchen wohl nach dem Sicherungskasten oder sowas, mit Taschenlampen und deshalb kann ich nicht einschlafen. Vielen Dank Keine Ursache Gute Nacht. ",45,22.4166666666667,7.36449009000041,0.245238171428571
201,"Shot",12,"JENNY'S GRAVE","DAY","EXT","01:53:06:24","01:53:20:18",344,1,"-0.56",1,"9.555555556","01:53:07:03","01:53:20:14",336,169678,59456,0,6787.12,6800.56,"Ich pass auf. ...dass er sich kämt und... ...sich jeden Tag die Zähne putzt. ach Und ich bring ihm Ping Pong Spielen bei.",23,126.506944444444,0.508801501819686,0.0297621428571429
63,"Shot",12,"MEMPHIS BRIDGE","NIGHT","EXT","00:34:09:16","00:34:33:09",593,1,"-0.615",2,"16.47222222","00:34:09:20","00:34:33:05",585,51245,-118433,0,2049.8,2073.2," Ja, ich weiß. ",4,33.5694444444444,3.09873886277668,0.123809628571429
20,"Shot",12,"SAVANNAH","DAY","EXT","00:12:58:14","00:13:11:02",313,1,"-0.22",2,"8.694444444","00:12:58:18","00:13:10:23",305,19468,-31777,0,778.72,790.92,"Ich Ich weiß auch nicht mehr, was ich zu meinem ersten Weihnachtsfest gekriegt habe und nichts von meinem aller ersten Picnic, aber...",22,58.7222222222222,0.446325384900242,0.0400794857142857
108,"Shot",12,"DAN'S HOTEL ROOM","NIGHT","INT","01:08:58:16","01:09:20:01",535,1,"0.11",1,"14.86111111","01:08:58:20","01:09:19:22",527,103470,84002,0,4138.8,4159.88,"haha hehehehöhö Jesus hier und Jesus da. Hab ich Jesus gefunden? ",11,24.4513888888889,2.59038017372826,0.273809485714286
56,"Shot",12,"ARMY BUS","DAY","INT","00:29:04:23","00:29:19:06",358,1,"-0.5",2,"9.944444444","00:29:05:02","00:29:19:02",350,43627,-59843,0,1745.08,1759.08," Weißt du was? Eines Tages werde ich meine eigenen Shrimps fangen. Okay",13,66.5902777777778,8.3399110944597,0.0884920285714286
195,"Shot",12,"DESERT VALLEY","DAY","EXT","01:51:36:11","01:51:49:04",318,1,"-0.67",2,"8.833333333","01:51:36:15","01:51:49:00",310,167415,123788,0,6696.6,6709,"Ich wusste nie,... ...wo.... ...der Himmel aufhörte. Und die Erde anfing. Es war wunderschön.",14,72.4305555555556,20.5879308534247,0.292857085714286
57,"Shot",12,"BARRACKS","DAY","INT","00:29:19:06","00:29:56:14",933,1,"0.44",1,"25.91666667","00:29:19:10","00:29:56:10",925,43985,-123430,0,1759.4,1796.4,"Wozu sind Sie einzig und allein in der Army? Drill Seargent Gottverdammt Gump Sie sind ein verfluchtes Genie. Das war eine hochintelligente Antwort. Sie haben wohl einen Intelligenzquotienten von 160. Sie sind eine außergewöhnliche Begabung. Private Gump Es gibt keinen besonderen Grund, aber ich hab in die Army gepasst wie der Deckel auf den Topf. Es ist gar nicht schwer. Man muss sein Bett richtig machen und immer dran denken, schön stramm zu stehen und jedes Mal antworten: Zu Befehl Drill Sergeant Ist das klar? Zu Befehl Drill Sergeant",89,55.7916666666667,8.00546688207502,0.149603257142857
159,"Shot",12,"GUMP HOUSE","NIGHT","EXT","01:31:28:23","01:31:48:07",484,1,"-0.33",3,"13.44444444","01:31:29:02","01:31:48:03",476,137227,93242,0,5489.08,5508.12,"Sie hat mir sogar das Tanzen beigebracht. Ja Wir waren wie eine Familie. ",13,43.9722222222222,6.27972297437718,0.0996031428571429
50,"Shot",12,"STOCK FOOTAGE OF ROBERT KENNDY","DAY","INT","00:27:03:10","00:27:08:03",118,1,"-0.67",1,"3.277777778","00:27:03:14","00:27:07:24",110,40589,-96638,0,1623.56,1627.96,"Das war allerdings in einer Hotelküche.",6,52.1597222222222,3.51941187141189,0.0777777714285714
188,"Shot",12,"GUMP HOUSE","DAY","EXT","01:47:54:06","01:48:32:05",949,1,"-0.335",2,"26.36111111","01:47:54:10","01:48:32:01",941,161860,121271,0,6474.4,6512.04,"Forrest Wir müssen anfangen. Hi Deine Krawatte",7,92.6527777777778,5.80617829120036,0.297618971428571
160,"Shot",12,"RIVERSIDE","NIGHT","EXT","01:31:48:07","01:32:00:14",307,1,"-0.52",3,"8.527777778","01:31:48:11","01:32:00:10",299,137711,-24149,0,5508.44,5520.4,"Das war die glücklichste Zeit in meinem Leben.",8,42.1527777777778,5.80986776889659,0.197619057142857
175,"Shot",12,"BRIDGE AT MISSISIPI RIVER","DAY","EXT","01:38:42:13","01:38:59:04",416,1,"-0.56",1,"11.55555556","01:38:42:17","01:38:59:00",408,148067,10356,0,5922.68,5939,"Laufen Sie für den Weltfrieden? Laufen Sie für die Obdachlosen? Laufen Sie für die Rechte der Frauen? Oder für die Umwelt Oder für die Tierwelt Warum tun sie das? Ich hatte einfach Lust zu laufen.",35,104.840277777778,12.4309740995423,0.274603142857143
78,"Shot",36,"VIETNAM CAMP","NIGHT","EXT","00:41:56:21","00:43:03:03",1657,1,"-0.37",3,"15.34259259","00:41:57:00","00:43:02:24",1649,62925,NA,0,2517,2582.96,"So ein Mist Es regnete sogar nachts. Na, Forrest Na, Bubba Weißt du was, ich lehn mich bei dir an und du lehnst dich dafür bei mir an. Dann brauchen wir wenigstens nicht mit dem Kopf im Schlamm zu pennen. Forrest Wir passen aufeinander auf, deswegen. Wie Brüder ist sowas. Du, Forrest Ich hab mir mal was überlegt. Ich werd dich jetzt was ganz wichtiges fragen, ja? Okay Also, ich hab das alles schon durchgerechnet. So und so viel Pfund für Diesel Fifty, fifty Und Forrest, So viel Shrimps wie du essen kannst. Das ist wirklich ne gute Idee. Bubba hatte wirklich ne gute Idee.",105,27.8032407407407,6.28007259745878,0.124480710280374
151,"Shot",36,"FOOTBALL FIELD","DAY","EXT","01:28:18:18","01:28:27:11",218,1,"-0.615",2,"2.018518519","01:28:18:22","01:28:27:07",210,132472,69547,0,5298.88,5307.28,"Und weil ich ein Zich-Millionär war... ",6,91.2638888888889,2.98826234424058,0.0568536542056075
10,"Shot",36,"SCHOOL HALLWAY","DAY","INT","00:08:20:05","00:08:27:18",188,1,"-0.22",1,"1.740740741","00:08:20:09","00:08:27:14",180,12509,-119963,0,500.36,507.56,"Wir haben ein progressives Schulsystem. ",5,82.6273148148148,0.274490544179377,0.00804783177570093
29,"Shot",36,"GREENBOW ALABAMA","DAY","EXT","00:16:58:18","00:17:06:19",201,1,"-0.67",1,"1.861111111","00:16:58:22","00:17:06:15",193,25472,12963,0,1018.88,1026.6,"Sieh mal an! Jetzt läuft er auch noch wie'n Verrückter.",10,96.4027777777778,10.4106025962691,0.126947093457944
33,"Shot",36,"GRUMP HOUSE / BEDROOM FORREST","NIGHT","INT","00:18:55:19","00:19:04:09",215,1,"-0.333333333",3,"1.990740741","00:18:55:23","00:19:04:05",207,28398,2926,0,1135.92,1144.2,"Es war ein sehr böser Hund. Na, egal",8,32.1319444444444,1.28227416137194,0.0297249065420561
74,"Shot",36,"VIETNAM JUNGLE","DAY","EXT","00:41:39:08","00:41:45:07",149,1,"-0.89",1,"1.37962963","00:41:39:12","00:41:45:03",141,62487,34089,0,2499.48,2505.12," Regen mit kleinen prasselnden Tropfen.",6,60.4884259259259,4.82405192119519,0.0681464112149533
